{"cameraMode":{"drawMode":0,"name":"Shaded","section":"Shading Mode"},"sceneLighting":true,"audioPlay":false,"sceneViewState":{"showFog":true,"showMaterialUpdate":false,"showSkybox":true,"showFlares":true,"showImageEffects":true,"showParticleSystems":true},"in2DMode":false,"pivot":{"x":-11.259278297424317,"y":-2.032468318939209,"z":-4.410154342651367},"rotation":{"x":0.13829778134822846,"y":-0.6972312927246094,"z":0.13988544046878816,"w":0.6893240809440613},"size":11.726137161254883,"orthographic":false}